Target_Cell_Type,Rank,Cell_Name,VT,Delay_Raw,Power_Raw,Delay_Norm,Power_Norm,Avg_Norm_Score,,,,,,,,,,,,,,,,,,
AO21,1,AO21x2_ASAP7_75t_L,LVT,55.493,3.982,0.1191,0.1905,0.1548,,,,,,,,,,,,,,,,,,
AO21,2,AO21x2_ASAP7_75t_R,RVT,68.328,3.1022,0.3304,0.1021,0.2162,,,,,,,,,,,,,,,,,,
AO21,3,AO21x1_ASAP7_75t_L,LVT,89.344,2.7213,0.6764,0.0638,0.3701,,,,,,,,,,,,,,,,,,
AO21,4,AO21x2_ASAP7_75t_SL,SLVT,48.26,12.0382,0,1,0.5,,,,,,,,,,,,,,,,,,
AO21,5,AO21x1_ASAP7_75t_R,RVT,109.003,2.0862,1,0,0.5,,,,,,,,,,,,,,,,,,
AO21,6,AO21x1_ASAP7_75t_SL,SLVT,77.364,8.3811,0.4791,0.6325,0.5558,,,,,,,,,,,,,,,,,,
AO22,1,AO22x2_ASAP7_75t_L,LVT,56.675,8.6101,0.1244,0.3037,0.214,,,-19.55,-19.55,-49.56,-406.37,-847.4,-12497.25,-31192.78,-119607.38,-89977.71,,,,,,,
AO22,2,AO22x2_ASAP7_75t_R,RVT,69.68,7.478,0.3244,0.2195,0.272,,,-49.56,,,,,,,,,,,,,,,
AO22,3,AO22x1_ASAP7_75t_L,LVT,93.141,5.1716,0.6853,0.0481,0.3667,,,-406.37,,,,,,,,,,,,,,,
AO22,4,AO22x1_ASAP7_75t_SL,SLVT,80.564,10.5327,0.4919,0.4466,0.4692,,,-847.4,,,,,,,,,,,,,,,
AO22,5,AO22x2_ASAP7_75t_SL,SLVT,48.589,17.9763,0,1,0.5,,,-12497.25,,,,,,,,,,,,,,,
AO22,6,AO22x1_ASAP7_75t_R,RVT,113.597,4.525,1,0,0.5,,,-31192.78,,,,,,,,,,,,,,,
AO221,1,AO221x2_ASAP7_75t_L,LVT,67.963,14.7642,0.1446,0.3771,0.2608,,,-119607.38,,,,,,,,,,,,,,,
AO221,2,AO221x2_ASAP7_75t_R,RVT,82.595,13.4291,0.3787,0.2854,0.332,,,-89977.71,,,,,,,,,,,,,,,
AO221,3,AO221x1_ASAP7_75t_L,LVT,100.334,10.1425,0.6625,0.0597,0.3611,,,,,,,,,,,,,,,,,,
AO221,4,AO221x1_ASAP7_75t_SL,SLVT,87.355,16.301,0.4548,0.4826,0.4687,,,,Design,WNS,TNS,Slew Sum,Slew Count,Cap Sum,Cap Count,Fanout Sum,Fanout Count,Leakage Power,Total Power,Max OF,Total OF,Flow RT,
AO221,5,AO221x2_ASAP7_75t_SL,SLVT,58.927,23.8357,0,1,0.5,,,0,aes_cipher_top,-0.42,-123.45,1.28E+02,465,0,0,0,0,1.10E+08,7.08E+10,0,0,5,
AO221,6,AO221x1_ASAP7_75t_R,RVT,121.428,9.2726,1,0,0.5,,,1,aes_cipher_top_v2,-2.6,-313.31,1.16E+03,3310,1.02,26,0,0,7.54E+07,2.35E+11,0,0,4,
AO32,1,AO32x2_ASAP7_75t_L,LVT,64.472,14.1918,0.1462,0.3858,0.266,,,2,jpeg_encoder,-2.91,-7034.78,2.58E+04,34678,6.26,19,0,0,2.83E+08,1.76E+11,0,0,6,
AO32,2,AO32x2_ASAP7_75t_R,RVT,78.856,12.916,0.3789,0.2993,0.3391,,,3,jpeg_encoder_v2,NaN,NaN,0.00E+00,0,0,0,0,0,NaN,NaN,NaN,NaN,NaN,
AO32,3,AO32x1_ASAP7_75t_L,LVT,96.454,9.3565,0.6637,0.0578,0.3607,,,4,ariane,-15.73,-349741.28,5.67E+05,113470,49.97,897,0,0,5.62E+09,1.52E+11,0,0,46,
AO32,4,AO32x1_ASAP7_75t_SL,SLVT,83.706,15.4693,0.4574,0.4725,0.4649,,,5,ariane_v2,-12.65,-141043.47,2.73E+05,143853,77.88,1138,146927,2191,5.08E+09,1.38E+11,0,0,29,
AO32,5,AO32x2_ASAP7_75t_SL,SLVT,55.438,23.2454,0,1,0.5,,,6,bsg_chip,-12.75,-475301.84,0.00E+00,0,0,0,0,0,3.70E+10,8.07E+11,NaN,NaN,NaN,
AO32,6,AO32x1_ASAP7_75t_R,RVT,117.239,8.5046,1,0,0.5,,,7,bsg_chip_v2,-10.55,-464397.66,1.04E+06,1039344,549.98,7948,0,0,3.48E+10,1.69E+12,0,0,311,
AO331,1,AO331x2_ASAP7_75t_L,LVT,70.519,48.2862,0.1492,0.5256,0.3374,,,,,,,,,,,,,,,,,,
AO331,2,AO331x1_ASAP7_75t_L,LVT,103.301,34.4109,0.6588,0.0734,0.3661,,,,Design,WNS,TNS,Slew Sum,Slew Count,Cap Sum,Cap Count,Fanout Sum,Fanout Count,Leakage Power,Total Power,Max OF,Total OF,Flow RT,
AO331,3,AO331x2_ASAP7_75t_R,RVT,86.447,45.0945,0.3968,0.4216,0.4092,,,,0,aes_cipher_top,-0.08,-19.48,0,0,0,0,0,0,1.22E+08,7.48E+10,0,0,5
AO331,4,AO331x1_ASAP7_75t_SL,SLVT,89.786,44.4788,0.4487,0.4015,0.4251,,,,1,aes_cipher_top_v2,-2.6,-313.31,1162.1,3310,1.02,26,0,0,7.54E+07,2.35E+11,0,0,4
AO331,5,AO331x2_ASAP7_75t_SL,SLVT,60.923,62.8418,0,1,0.5,,,,2,jpeg_encoder,-0.2,-395.48,0,0,0,0,0,0,3.08E+08,1.24E+11,0,0,5
AO331,6,AO331x1_ASAP7_75t_R,RVT,125.249,32.1596,1,0,0.5,,,,3,jpeg_encoder_v2,NaN,NaN,0,0,0,0,0,0,NaN,NaN,NaN,NaN,NaN
AO332,1,AO332x1_ASAP7_75t_L,LVT,105.708,93.7531,0.6567,0.0755,0.3661,,,,4,ariane,-1.02,-12986.39,157.39,3811,0.01,1,0,0,5.67E+09,1.49E+11,0,0,52
AO332,2,AO332x2_ASAP7_75t_L,LVT,72.814,129.2461,0.1515,0.6076,0.3795,,,,5,ariane_v2,-2.61,-31160.4,0.14,9,0.02,2,4,2,5.11E+09,1.47E+11,0,0,34
AO332,3,AO332x1_ASAP7_75t_SL,SLVT,91.864,111.1901,0.4441,0.3369,0.3905,,,,6,bsg_chip,-2.67,-117826.65,831.26,27059,0,0,0,0,3.72E+10,8.11E+11,0,0,615
AO332,4,AO332x2_ASAP7_75t_R,RVT,90.4,121.8498,0.4216,0.4967,0.4592,,,,7,bsg_chip_v2,-2.18,-83866.91,446.48,12677,0.01,1,0,0,3.49E+10,1.77E+12,0,0,336
AO332,5,AO332x2_ASAP7_75t_SL,SLVT,62.951,155.425,0,1,0.5,,,,,,,,,,,,,,,,,,
AO332,6,AO332x1_ASAP7_75t_R,RVT,128.055,88.7179,1,0,0.5,,,,,Design,WNS,TNS,Slew Sum,Slew Count,Cap Sum,Cap Count,Fanout Sum,Fanout Count,Leakage Power,Total Power,Max OF,Total OF,
AO333,1,AO333x1_ASAP7_75t_L,LVT,105.987,188.836,0.6549,0.0781,0.3665,,,,,aes_cipher_top,-0.09,-19.6,0,0,0,0,0,0,1.21E+08,7.46E+10,0,0,
AO333,2,AO333x1_ASAP7_75t_SL,SLVT,92.026,215.543,0.4416,0.3032,0.3724,,,,,aes_cipher_top_v2,-0.2,-47.1,0,0,0.02,1,0,0,1.17E+08,3.04E+11,0,0,
AO333,3,AO333x2_ASAP7_75t_L,LVT,73.252,254.8154,0.1548,0.6343,0.3945,,,,,jpeg_encoder,-0.18,-406.4,0,0,0,0,0,0,3.09E+08,1.24E+11,0,0,
AO333,4,AO333x2_ASAP7_75t_R,RVT,91.34,240.4563,0.4311,0.5132,0.4722,,,,,jpeg_encoder_v2,-0.37,-788.2,1.1,55,0,0,0,0,2.17E+08,1.68E+11,0,0,
AO333,5,AO333x2_ASAP7_75t_SL,SLVT,63.122,298.1978,0,1,0.5,,,,,ariane,-1.01,-12748.8,154.5,3798,0.01,1,0,0,5.67E+09,1.49E+11,0,0,
AO333,6,AO333x1_ASAP7_75t_R,RVT,128.579,179.5743,1,0,0.5,,,,,ariane_v2,-2.62,-31256.9,0.1,9,0.02,2,4,2,5.11E+09,1.47E+11,0,0,
AOI21,1,AOI21x1_ASAP7_75t_L,LVT,80.188,2.0379,0.0619,0.2089,0.1354,,,,,bsg_chip,-2.67,-119199.7,832.2,27252,0,0,0,0,3.72E+10,8.11E+11,0,0,
AOI21,2,AOI21x1_ASAP7_75t_R,RVT,100.545,1.4289,0.1582,0.1247,0.1414,,,,,bsg_chip_v2,-2.36,-90412.2,445,12638,0.01,1,0,0,3.49E+10,1.77E+12,0,0,
AOI21,3,AOI21xp5_ASAP7_75t_L,LVT,150.794,1.0055,0.3959,0.0661,0.231,,,,,,,,,,,,,,,,,,
AOI21,4,AOI21xp5_ASAP7_75t_R,RVT,189.215,0.7007,0.5777,0.024,0.3008,,,,,,,,,,,,,,,,,,
AOI21,5,AOI21xp5_ASAP7_75t_SL,SLVT,126.626,3.8563,0.2816,0.4605,0.371,,,,,,,,,,,,,,,,,,
AOI21,6,AOI21xp33_ASAP7_75t_L,LVT,221.954,0.7533,0.7326,0.0312,0.3819,,,,,,,,,,,,,,,,,,
AOI21,7,AOI21xp33_ASAP7_75t_SL,SLVT,186.682,2.8549,0.5657,0.3219,0.4438,,,,,,,,,,,,,,,,,,
AOI21,8,AOI21x1_ASAP7_75t_SL,SLVT,67.109,7.7569,0,1,0.5,,,,,,,,,,,,,,,,,,
AOI21,9,AOI21xp33_ASAP7_75t_R,RVT,278.476,0.5275,1,0,0.5,,,,,,,,,,,,,,,,,,
AOI211,1,AOI211x1_ASAP7_75t_L,LVT,117.251,2.541,0.0896,0.1983,0.144,,,,,,,,,,,,,,,,,,
AOI211,2,AOI211x1_ASAP7_75t_R,RVT,145.817,2.0604,0.2492,0.1079,0.1785,,,,,,,,,,,,,,,,,,
AOI211,3,AOI211xp5_ASAP7_75t_L,LVT,221.087,1.7739,0.6698,0.0539,0.3619,,,,,,,,,,,,,,,,,,
AOI211,4,AOI211xp5_ASAP7_75t_SL,SLVT,184.03,4.0727,0.4628,0.4867,0.4747,,,,,,,,,,,,,,,,,,
AOI211,5,AOI211x1_ASAP7_75t_SL,SLVT,101.211,6.7987,0,1,0.5,,,,,,,,,,,,,,,,,,
AOI211,6,AOI211xp5_ASAP7_75t_R,RVT,280.182,1.4876,1,0,0.5,,,,,,,,,,,,,,,,,,
AOI22,1,AOI22x1_ASAP7_75t_L,LVT,81.612,5.4251,0.0601,0.3266,0.1934,,,,,,,,,,,,,,,,,,
AOI22,2,AOI22x1_ASAP7_75t_R,RVT,101.709,4.4793,0.1557,0.2481,0.2019,,,,,,,,,,,,,,,,,,
AOI22,3,AOI22xp5_ASAP7_75t_L,LVT,151.545,2.564,0.3926,0.0889,0.2408,,,,,,,,,,,,,,,,,,
AOI22,4,AOI22xp5_ASAP7_75t_R,RVT,190.172,2.0928,0.5763,0.0498,0.313,,,,,,,,,,,,,,,,,,
AOI22,5,AOI22xp5_ASAP7_75t_SL,SLVT,127.274,6.5716,0.2772,0.4219,0.3496,,,,,,,,,,,,,,,,,,
AOI22,6,AOI22xp33_ASAP7_75t_L,LVT,222.651,1.8126,0.7307,0.0265,0.3786,,,,,,,,,,,,,,,,,,
AOI22,7,AOI22xp33_ASAP7_75t_SL,SLVT,187.225,4.4901,0.5622,0.249,0.4056,,,,,,,,,,,,,,,,,,
AOI22,8,AOI22x1_ASAP7_75t_SL,SLVT,68.962,13.5298,0,1,0.5,,,,,,,,,,,,,,,,,,
AOI22,9,AOI22xp33_ASAP7_75t_R,RVT,279.304,1.4935,1,0,0.5,,,,,,,,,,,,,,,,,,
AOI221,1,AOI221x1_ASAP7_75t_L,LVT,119.47,6.1235,0.0877,0.2875,0.1876,,,,,,,,,,,,,,,,,,
AOI221,2,AOI221x1_ASAP7_75t_R,RVT,147.207,5.353,0.2433,0.1889,0.2161,,,,,,,,,,,,,,,,,,
AOI221,3,AOI221xp5_ASAP7_75t_L,LVT,221.83,4.3519,0.662,0.0608,0.3614,,,,,,,,,,,,,,,,,,
AOI221,4,AOI221xp5_ASAP7_75t_SL,SLVT,183.917,7.5332,0.4493,0.4679,0.4586,,,,,,,,,,,,,,,,,,
AOI221,5,AOI221x1_ASAP7_75t_SL,SLVT,103.841,11.6918,0,1,0.5,,,,,,,,,,,,,,,,,,
AOI221,6,AOI221xp5_ASAP7_75t_R,RVT,282.077,3.8764,1,0,0.5,,,,,,,,,,,,,,,,,,
AOI31,1,AOI31xp67_ASAP7_75t_L,LVT,85.47,3.0409,0.0571,0.2694,0.1632,,,,,,,,,,,,,,,,,,
AOI31,2,AOI31xp67_ASAP7_75t_R,RVT,106.574,2.4619,0.1594,0.187,0.1732,,,,,,,,,,,,,,,,,,
AOI31,3,AOI31xp33_ASAP7_75t_L,LVT,223.184,1.4333,0.7247,0.0407,0.3827,,,,,,,,,,,,,,,,,,
AOI31,4,AOI31xp33_ASAP7_75t_SL,SLVT,187.693,3.8334,0.5526,0.3821,0.4674,,,,,,,,,,,,,,,,,,
AOI31,5,AOI31xp67_ASAP7_75t_SL,SLVT,73.691,8.1764,0,1,0.5,,,,,,,,,,,,,,,,,,
AOI31,6,AOI31xp33_ASAP7_75t_R,RVT,279.975,1.1475,1,0,0.5,,,,,,,,,,,,,,,,,,
CKINVDC,1,CKINVDCx16_ASAP7_75t_L,LVT,13.49,5.382,0.122,0.0898,0.1059,,,,,,,,,,,,,,,,,,
CKINVDC,2,CKINVDCx20_ASAP7_75t_L,LVT,13.131,6.797,0.0989,0.1162,0.1075,,,,,,,,,,,,,,,,,,
CKINVDC,3,CKINVDCx14_ASAP7_75t_L,LVT,14.609,4.7287,0.1938,0.0776,0.1357,,,,,,,,,,,,,,,,,,
CKINVDC,4,CKINVDCx20_ASAP7_75t_R,RVT,15.553,1.7894,0.2543,0.0227,0.1385,,,,,,,,,,,,,,,,,,
CKINVDC,5,CKINVDCx12_ASAP7_75t_L,LVT,15.265,4.0378,0.2359,0.0647,0.1503,,,,,,,,,,,,,,,,,,
CKINVDC,6,CKINVDCx16_ASAP7_75t_R,RVT,16.176,1.4761,0.2944,0.0168,0.1556,,,,,,,,,,,,,,,,,,
CKINVDC,7,CKINVDCx11_ASAP7_75t_L,LVT,15.955,3.7221,0.2801,0.0588,0.1695,,,,,,,,,,,,,,,,,,
CKINVDC,8,CKINVDCx10_ASAP7_75t_L,LVT,16.575,3.3746,0.32,0.0523,0.1861,,,,,,,,,,,,,,,,,,
CKINVDC,9,CKINVDCx14_ASAP7_75t_R,RVT,17.336,1.285,0.3688,0.0133,0.191,,,,,,,,,,,,,,,,,,
CKINVDC,10,CKINVDCx9p33_ASAP7_75t_L,LVT,17.452,3.2071,0.3762,0.0492,0.2127,,,,,,,,,,,,,,,,,,
CKINVDC,11,CKINVDCx12_ASAP7_75t_R,RVT,18.107,1.1195,0.4183,0.0102,0.2142,,,,,,,,,,,,,,,,,,
CKINVDC,12,CKINVDCx8_ASAP7_75t_L,LVT,18.154,2.7026,0.4213,0.0397,0.2305,,,,,,,,,,,,,,,,,,
CKINVDC,13,CKINVDCx11_ASAP7_75t_R,RVT,18.809,1.0515,0.4634,0.0089,0.2361,,,,,,,,,,,,,,,,,,
CKINVDC,14,CKINVDCx10_ASAP7_75t_R,RVT,19.581,0.9578,0.5129,0.0071,0.26,,,,,,,,,,,,,,,,,,
CKINVDC,15,CKINVDCx9p33_ASAP7_75t_R,RVT,20.509,0.9426,0.5725,0.0069,0.2897,,,,,,,,,,,,,,,,,,
CKINVDC,16,CKINVDCx6p67_ASAP7_75t_L,LVT,20.281,2.2949,0.5578,0.0321,0.295,,,,,,,,,,,,,,,,,,
CKINVDC,17,CKINVDCx8_ASAP7_75t_R,RVT,21.5,0.783,0.636,0.0039,0.32,,,,,,,,,,,,,,,,,,
CKINVDC,18,CKINVDCx8_ASAP7_75t_SL,SLVT,15.774,21.4532,0.2685,0.3899,0.3292,,,,,,,,,,,,,,,,,,
CKINVDC,19,CKINVDCx10_ASAP7_75t_SL,SLVT,14.37,26.9069,0.1785,0.4918,0.3351,,,,,,,,,,,,,,,,,,
CKINVDC,20,CKINVDCx11_ASAP7_75t_SL,SLVT,13.861,29.6239,0.1458,0.5425,0.3441,,,,,,,,,,,,,,,,,,
CKINVDC,21,CKINVDCx9p33_ASAP7_75t_SL,SLVT,15.264,25.1364,0.2358,0.4587,0.3473,,,,,,,,,,,,,,,,,,
CKINVDC,22,CKINVDCx12_ASAP7_75t_SL,SLVT,13.263,32.2996,0.1074,0.5925,0.3499,,,,,,,,,,,,,,,,,,
CKINVDC,23,CKINVDCx6p67_ASAP7_75t_SL,SLVT,17.846,17.9303,0.4015,0.3241,0.3628,,,,,,,,,,,,,,,,,,
CKINVDC,24,CKINVDCx5p33_ASAP7_75t_L,LVT,22.874,1.8391,0.7242,0.0236,0.3739,,,,,,,,,,,,,,,,,,
CKINVDC,25,CKINVDCx14_ASAP7_75t_SL,SLVT,12.754,37.766,0.0747,0.6946,0.3847,,,,,,,,,,,,,,,,,,
CKINVDC,26,CKINVDCx5p33_ASAP7_75t_SL,SLVT,19.955,14.3071,0.5369,0.2565,0.3967,,,,,,,,,,,,,,,,,,
CKINVDC,27,CKINVDCx6p67_ASAP7_75t_R,RVT,24.035,0.7018,0.7988,0.0024,0.4006,,,,,,,,,,,,,,,,,,
CKINVDC,28,CKINVDCx16_ASAP7_75t_SL,SLVT,11.713,43.1207,0.0079,0.7946,0.4012,,,,,,,,,,,,,,,,,,
CKINVDC,29,CKINVDCx20_ASAP7_75t_SL,SLVT,11.59,54.1205,0,1,0.5,,,,,,,,,,,,,,,,,,
CKINVDC,30,CKINVDCx5p33_ASAP7_75t_R,RVT,27.171,0.5751,1,0,0.5,,,,,,,,,,,,,,,,,,
INV,1,INVx11_ASAP7_75t_R,RVT,18.537,1.0125,0.0222,0.0276,0.0249,,,,,,,,,,,,,,,,,,
INV,2,INVx13_ASAP7_75t_R,RVT,17.449,1.1727,0.0181,0.0322,0.0252,,,,,,,,,,,,,,,,,,
INV,3,INVx8_ASAP7_75t_R,RVT,21.332,0.7515,0.0326,0.0201,0.0263,,,,,,,,,,,,,,,,,,
INV,4,INVx6_ASAP7_75t_R,RVT,24.947,0.5886,0.046,0.0154,0.0307,,,,,,,,,,,,,,,,,,
INV,5,INVx5_ASAP7_75t_R,RVT,27.816,0.498,0.0566,0.0128,0.0347,,,,,,,,,,,,,,,,,,
INV,6,INVx4_ASAP7_75t_R,RVT,32.501,0.4105,0.074,0.0103,0.0421,,,,,,,,,,,,,,,,,,
INV,7,INVx6_ASAP7_75t_L,LVT,20.794,1.9749,0.0306,0.0553,0.043,,,,,,,,,,,,,,,,,,
INV,8,INVx5_ASAP7_75t_L,LVT,23.397,1.6719,0.0402,0.0466,0.0434,,,,,,,,,,,,,,,,,,
INV,9,INVx4_ASAP7_75t_L,LVT,27.117,1.3314,0.054,0.0368,0.0454,,,,,,,,,,,,,,,,,,
INV,10,INVx8_ASAP7_75t_L,LVT,17.898,2.63,0.0198,0.0742,0.047,,,,,,,,,,,,,,,,,,
INV,11,INVx3_ASAP7_75t_L,LVT,33.335,1.0191,0.0771,0.0278,0.0525,,,,,,,,,,,,,,,,,,
INV,12,INVx3_ASAP7_75t_R,RVT,39.934,0.3149,0.1016,0.0075,0.0546,,,,,,,,,,,,,,,,,,
INV,13,INVx11_ASAP7_75t_L,LVT,15.58,3.6227,0.0112,0.1028,0.057,,,,,,,,,,,,,,,,,,
INV,14,INVx13_ASAP7_75t_L,LVT,14.601,4.2766,0.0076,0.1216,0.0646,,,,,,,,,,,,,,,,,,
INV,15,INVx2_ASAP7_75t_L,LVT,45.697,0.6579,0.123,0.0174,0.0702,,,,,,,,,,,,,,,,,,
INV,16,INVx2_ASAP7_75t_R,RVT,54.773,0.1973,0.1566,0.0041,0.0804,,,,,,,,,,,,,,,,,,
INV,17,INVx2_ASAP7_75t_SL,SLVT,39.863,5.3054,0.1013,0.1513,0.1263,,,,,,,,,,,,,,,,,,
INV,18,INVx1_ASAP7_75t_L,LVT,83.644,0.3536,0.2638,0.0086,0.1362,,,,,,,,,,,,,,,,,,
INV,19,INVx3_ASAP7_75t_SL,SLVT,28.912,7.9794,0.0607,0.2283,0.1445,,,,,,,,,,,,,,,,,,
INV,20,INVx1_ASAP7_75t_SL,SLVT,73.104,2.6694,0.2247,0.0753,0.15,,,,,,,,,,,,,,,,,,
INV,21,INVx1_ASAP7_75t_R,RVT,100.506,0.1229,0.3263,0.002,0.1642,,,,,,,,,,,,,,,,,,
INV,22,INVx4_ASAP7_75t_SL,SLVT,23.493,10.6397,0.0406,0.3049,0.1727,,,,,,,,,,,,,,,,,,
INV,23,INVxp67_ASAP7_75t_SL,SLVT,106.278,1.7828,0.3477,0.0498,0.1988,,,,,,,,,,,,,,,,,,
INV,24,INVxp67_ASAP7_75t_L,LVT,121.381,0.2403,0.4038,0.0054,0.2046,,,,,,,,,,,,,,,,,,
INV,25,INVx5_ASAP7_75t_SL,SLVT,20.296,13.3157,0.0287,0.382,0.2054,,,,,,,,,,,,,,,,,,
INV,26,INVx6_ASAP7_75t_SL,SLVT,18.099,15.9816,0.0206,0.4588,0.2397,,,,,,,,,,,,,,,,,,
INV,27,INVxp67_ASAP7_75t_R,RVT,145.879,0.0878,0.4947,0.001,0.2478,,,,,,,,,,,,,,,,,,
INV,28,INVx8_ASAP7_75t_SL,SLVT,15.428,21.3082,0.0107,0.6122,0.3114,,,,,,,,,,,,,,,,,,
INV,29,INVxp33_ASAP7_75t_SL,SLVT,205.907,0.9015,0.7174,0.0244,0.3709,,,,,,,,,,,,,,,,,,
INV,30,INVxp33_ASAP7_75t_L,LVT,234.656,0.1307,0.8241,0.0022,0.4131,,,,,,,,,,,,,,,,,,
INV,31,INVx11_ASAP7_75t_SL,SLVT,13.347,29.347,0.0029,0.8437,0.4233,,,,,,,,,,,,,,,,,,
INV,32,INVx13_ASAP7_75t_SL,SLVT,12.558,34.7717,0,1,0.5,,,,,,,,,,,,,,,,,,
INV,33,INVxp33_ASAP7_75t_R,RVT,282.07,0.0535,1,0,0.5,,,,,,,,,,,,,,,,,,
O2A1O1I,1,O2A1O1Ixp5_ASAP7_75t_L,LVT,149.317,1.9963,0.1581,0.1003,0.1292,,,,,,,,,,,,,,,,,,
O2A1O1I,2,O2A1O1Ixp5_ASAP7_75t_R,RVT,188.659,1.6046,0.4089,0,0.2045,,,,,,,,,,,,,,,,,,
O2A1O1I,3,O2A1O1Ixp33_ASAP7_75t_L,LVT,221.228,2.4476,0.6166,0.2159,0.4163,,,,,,,,,,,,,,,,,,
O2A1O1I,4,O2A1O1Ixp5_ASAP7_75t_SL,SLVT,124.531,5.3887,0,0.9691,0.4845,,,,,,,,,,,,,,,,,,
O2A1O1I,5,O2A1O1Ixp33_ASAP7_75t_R,RVT,281.345,2.067,1,0.1184,0.5592,,,,,,,,,,,,,,,,,,
O2A1O1I,6,O2A1O1Ixp33_ASAP7_75t_SL,SLVT,183.518,5.5095,0.3762,1,0.6881,,,,,,,,,,,,,,,,,,
OA331,1,OA331x2_ASAP7_75t_L,LVT,71.39,48.2231,0.1815,0.5253,0.3534,,,,,,,,,,,,,,,,,,
OA331,2,OA331x1_ASAP7_75t_L,LVT,96.069,34.3078,0.6356,0.074,0.3548,,,,,,,,,,,,,,,,,,
OA331,3,OA331x1_ASAP7_75t_SL,SLVT,84.196,44.4981,0.4172,0.4045,0.4108,,,,,,,,,,,,,,,,,,
OA331,4,OA331x2_ASAP7_75t_R,RVT,87.433,45.0404,0.4767,0.422,0.4494,,,,,,,,,,,,,,,,,,
OA331,5,OA331x2_ASAP7_75t_SL,SLVT,61.528,62.8632,0,1,0.5,,,,,,,,,,,,,,,,,,
OA331,6,OA331x1_ASAP7_75t_R,RVT,115.868,32.0256,1,0,0.5,,,,,,,,,,,,,,,,,,
OA332,1,OA332x1_ASAP7_75t_L,LVT,98.868,93.8876,0.6329,0.076,0.3544,,,,,,,,,,,,,,,,,,
OA332,2,OA332x1_ASAP7_75t_SL,SLVT,86.611,111.5104,0.4117,0.3388,0.3753,,,,,,,,,,,,,,,,,,
OA332,3,OA332x2_ASAP7_75t_L,LVT,74.082,129.2072,0.1857,0.6027,0.3942,,,,,,,,,,,,,,,,,,
OA332,4,OA332x2_ASAP7_75t_R,RVT,90.623,121.8148,0.4841,0.4924,0.4883,,,,,,,,,,,,,,,,,,
OA332,5,OA332x2_ASAP7_75t_SL,SLVT,63.79,155.853,0,1,0.5,,,,,,,,,,,,,,,,,,
OA332,6,OA332x1_ASAP7_75t_R,RVT,119.215,88.7927,1,0,0.5,,,,,,,,,,,,,,,,,,
OA333,1,OA333x1_ASAP7_75t_L,LVT,91.889,187.9021,0.6419,0.0791,0.3605,,,,,,,,,,,,,,,,,,
OA333,2,OA333x1_ASAP7_75t_SL,SLVT,79.747,215.0047,0.4213,0.3084,0.3648,,,,,,,,,,,,,,,,,,
OA333,3,OA333x2_ASAP7_75t_L,LVT,65.933,252.3704,0.1703,0.6244,0.3974,,,,,,,,,,,,,,,,,,
OA333,4,OA333x2_ASAP7_75t_R,RVT,81.704,237.79,0.4569,0.5011,0.479,,,,,,,,,,,,,,,,,,
OA333,5,OA333x2_ASAP7_75t_SL,SLVT,56.558,296.7796,0,1,0.5,,,,,,,,,,,,,,,,,,
OA333,6,OA333x1_ASAP7_75t_R,RVT,111.596,178.5475,1,0,0.5,,,,,,,,,,,,,,,,,,
OAI21,1,OAI21x1_ASAP7_75t_L,LVT,81.504,2.1538,0.0604,0.1963,0.1284,,,,,,,,,,,,,,,,,,
OAI21,2,OAI21x1_ASAP7_75t_R,RVT,101.681,1.4832,0.1567,0.112,0.1343,,,,,,,,,,,,,,,,,,
OAI21,3,OAI21xp5_ASAP7_75t_L,LVT,150.879,1.1501,0.3914,0.07,0.2307,,,,,,,,,,,,,,,,,,
OAI21,4,OAI21xp5_ASAP7_75t_R,RVT,189.301,0.8192,0.5748,0.0284,0.3016,,,,,,,,,,,,,,,,,,
OAI21,5,OAI21xp5_ASAP7_75t_SL,SLVT,126.764,4.2954,0.2764,0.4658,0.3711,,,,,,,,,,,,,,,,,,
OAI21,6,OAI21xp33_ASAP7_75t_L,LVT,222.004,0.8198,0.7308,0.0285,0.3796,,,,,,,,,,,,,,,,,,
OAI21,7,OAI21xp33_ASAP7_75t_SL,SLVT,186.715,2.9147,0.5624,0.2921,0.4273,,,,,,,,,,,,,,,,,,
OAI21,8,OAI21x1_ASAP7_75t_SL,SLVT,68.839,8.5407,0,1,0.5,,,,,,,,,,,,,,,,,,
OAI21,9,OAI21xp33_ASAP7_75t_R,RVT,278.424,0.5935,1,0,0.5,,,,,,,,,,,,,,,,,,
OAI22,1,OAI22x1_ASAP7_75t_L,LVT,80.143,5.4187,0.0611,0.3239,0.1925,,,,,,,,,,,,,,,,,,
OAI22,2,OAI22x1_ASAP7_75t_R,RVT,100.766,4.4966,0.1585,0.2464,0.2024,,,,,,,,,,,,,,,,,,
OAI22,3,OAI22xp5_ASAP7_75t_L,LVT,150.89,2.5585,0.3952,0.0836,0.2394,,,,,,,,,,,,,,,,,,
OAI22,4,OAI22xp5_ASAP7_75t_R,RVT,189.276,2.0952,0.5765,0.0447,0.3106,,,,,,,,,,,,,,,,,,
OAI22,5,OAI22xp5_ASAP7_75t_SL,SLVT,126.897,6.5407,0.2819,0.4181,0.35,,,,,,,,,,,,,,,,,,
OAI22,6,OAI22xp33_ASAP7_75t_L,LVT,222.381,1.878,0.7329,0.0265,0.3797,,,,,,,,,,,,,,,,,,
OAI22,7,OAI22xp33_ASAP7_75t_SL,SLVT,187.09,4.5364,0.5662,0.2498,0.408,,,,,,,,,,,,,,,,,,
OAI22,8,OAI22x1_ASAP7_75t_SL,SLVT,67.211,13.4698,0,1,0.5,,,,,,,,,,,,,,,,,,
OAI22,9,OAI22xp33_ASAP7_75t_R,RVT,278.934,1.5625,1,0,0.5,,,,,,,,,,,,,,,,,,
OAI31,1,OAI31xp67_ASAP7_75t_L,LVT,117.079,3.0293,0.1058,0.2679,0.1869,,,,,,,,,,,,,,,,,,
OAI31,2,OAI31xp67_ASAP7_75t_R,RVT,147.855,2.422,0.2758,0.1809,0.2284,,,,,,,,,,,,,,,,,,
OAI31,3,OAI31xp33_ASAP7_75t_L,LVT,220.178,1.429,0.6754,0.0388,0.3571,,,,,,,,,,,,,,,,,,
OAI31,4,OAI31xp33_ASAP7_75t_SL,SLVT,183.216,3.798,0.4712,0.3779,0.4246,,,,,,,,,,,,,,,,,,
OAI31,5,OAI31xp67_ASAP7_75t_SL,SLVT,97.925,8.1428,0,1,0.5,,,,,,,,,,,,,,,,,,
OAI31,6,OAI31xp33_ASAP7_75t_R,RVT,278.937,1.1581,1,0,0.5,,,,,,,,,,,,,,,,,,
DFFHQN,1,DFFHQNx3_ASAP7_75t_L,LVT,86.692,3.3202,0.1927,0.1207,0.1567,,,,,,,,,,,,,,,,,,
DFFHQN,2,DFFHQNx2_ASAP7_75t_L,LVT,90.373,2.75,0.2417,0.0879,0.1648,,,,,,,,,,,,,,,,,,
DFFHQN,3,DFFHQNx2_ASAP7_75t_R,RVT,113.219,1.4376,0.5461,0.0123,0.2792,,,,,,,,,,,,,,,,,,
DFFHQN,4,DFFHQNx3_ASAP7_75t_R,RVT,113.024,1.6922,0.5435,0.027,0.2852,,,,,,,,,,,,,,,,,,
DFFHQN,5,DFFHQNx1_ASAP7_75t_L,LVT,119.635,2.268,0.6316,0.0601,0.3459,,,,,,,,,,,,,,,,,,
DFFHQN,6,DFFHQNx2_ASAP7_75t_SL,SLVT,76.463,15.4664,0.0564,0.8199,0.4382,,,,,,,,,,,,,,,,,,
DFFHQN,7,DFFHQNx3_ASAP7_75t_SL,SLVT,72.232,18.5943,0,1,0.5,,,,,,,,,,,,,,,,,,
DFFHQN,8,DFFHQNx1_ASAP7_75t_R,RVT,147.28,1.224,1,0,0.5,,,,,,,,,,,,,,,,,,
DFFHQN,9,DFFHQNx1_ASAP7_75t_SL,SLVT,102.451,12.5596,0.4027,0.6526,0.5276,,,,,,,,,,,,,,,,,,
DFFLQN,1,DFFLQNx3_ASAP7_75t_L,LVT,89.441,3.3203,0.2068,0.1209,0.1638,,,,,,,,,,,,,,,,,,
DFFLQN,2,DFFLQNx2_ASAP7_75t_L,LVT,92.281,2.7511,0.2454,0.0882,0.1668,,,,,,,,,,,,,,,,,,
DFFLQN,3,DFFLQNx3_ASAP7_75t_R,RVT,116.195,1.6852,0.5705,0.0269,0.2987,,,,,,,,,,,,,,,,,,
DFFLQN,4,DFFLQNx2_ASAP7_75t_R,RVT,117.363,1.4322,0.5863,0.0124,0.2994,,,,,,,,,,,,,,,,,,
DFFLQN,5,DFFLQNx1_ASAP7_75t_L,LVT,120.351,2.267,0.627,0.0604,0.3437,,,,,,,,,,,,,,,,,,
DFFLQN,6,DFFLQNx2_ASAP7_75t_SL,SLVT,78.125,15.4874,0.0529,0.8202,0.4365,,,,,,,,,,,,,,,,,,
DFFLQN,7,DFFLQNx3_ASAP7_75t_SL,SLVT,74.232,18.6163,0,1,0.5,,,,,,,,,,,,,,,,,,
DFFLQN,8,DFFLQNx1_ASAP7_75t_R,RVT,147.792,1.2163,1,0,0.5,,,,,,,,,,,,,,,,,,
DFFLQN,9,DFFLQNx1_ASAP7_75t_SL,SLVT,103.197,12.5762,0.3938,0.6529,0.5233,,,,,,,,,,,,,,,,,,
DHL,1,DHLx3_ASAP7_75t_L,LVT,63.914,4.0988,0.1265,0.1483,0.1374,,,,,,,,,,,,,,,,,,
DHL,2,DHLx2_ASAP7_75t_L,LVT,72.707,3.3324,0.2417,0.0998,0.1707,,,,,,,,,,,,,,,,,,
DHL,3,DHLx3_ASAP7_75t_R,RVT,79.393,2.6812,0.3292,0.0586,0.1939,,,,,,,,,,,,,,,,,,
DHL,4,DHLx2_ASAP7_75t_R,RVT,89.785,2.1799,0.4653,0.0269,0.2461,,,,,,,,,,,,,,,,,,
DHL,5,DHLx1_ASAP7_75t_L,LVT,106.743,2.6586,0.6875,0.0572,0.3723,,,,,,,,,,,,,,,,,,
DHL,6,DHLx2_ASAP7_75t_SL,SLVT,62.074,14.3738,0.1024,0.7983,0.4504,,,,,,,,,,,,,,,,,,
DHL,7,DHLx3_ASAP7_75t_SL,SLVT,54.258,17.5616,0,1,0.5,,,,,,,,,,,,,,,,,,
DHL,8,DHLx1_ASAP7_75t_R,RVT,130.605,1.7543,1,0,0.5,,,,,,,,,,,,,,,,,,
DHL,9,DHLx1_ASAP7_75t_SL,SLVT,92.115,11.3272,0.4959,0.6056,0.5507,,,,,,,,,,,,,,,,,,
DLL,1,DLLx3_ASAP7_75t_L,LVT,68.005,4.0822,0.1572,0.1466,0.1519,,,,,,,,,,,,,,,,,,
DLL,2,DLLx2_ASAP7_75t_L,LVT,74.356,3.4333,0.2531,0.1054,0.1792,,,,,,,,,,,,,,,,,,
DLL,3,DLLx3_ASAP7_75t_R,RVT,84.894,2.6628,0.4121,0.0566,0.2343,,,,,,,,,,,,,,,,,,
DLL,4,DLLx2_ASAP7_75t_R,RVT,91.912,2.2803,0.518,0.0324,0.2752,,,,,,,,,,,,,,,,,,
DLL,5,DLLx1_ASAP7_75t_L,LVT,101.761,2.6737,0.6666,0.0573,0.3619,,,,,,,,,,,,,,,,,,
DLL,6,DLLx2_ASAP7_75t_SL,SLVT,63.593,14.4803,0.0906,0.8056,0.4481,,,,,,,,,,,,,,,,,,
DLL,7,DLLx3_ASAP7_75t_SL,SLVT,57.587,17.5474,0,1,0.5,,,,,,,,,,,,,,,,,,
DLL,8,DLLx1_ASAP7_75t_R,RVT,123.856,1.7696,1,0,0.5,,,,,,,,,,,,,,,,,,
DLL,9,DLLx1_ASAP7_75t_SL,SLVT,88.18,11.347,0.4617,0.607,0.5343,,,,,,,,,,,,,,,,,,
ICG,1,ICGx8DC_ASAP7_75t_R,RVT,28.72,3.6824,0.109,0.0491,0.079,,,,,,,,,,,,,,,,,,
ICG,2,ICGx6p67DC_ASAP7_75t_R,RVT,30.446,3.3802,0.129,0.0436,0.0863,,,,,,,,,,,,,,,,,,
ICG,3,ICGx8DC_ASAP7_75t_L,LVT,22.874,8.5461,0.041,0.137,0.089,,,,,,,,,,,,,,,,,,
ICG,4,ICGx6p67DC_ASAP7_75t_L,LVT,24.273,7.9432,0.0573,0.1261,0.0917,,,,,,,,,,,,,,,,,,
ICG,5,ICGx5p33DC_ASAP7_75t_L,LVT,26.53,7.3853,0.0835,0.116,0.0997,,,,,,,,,,,,,,,,,,
ICG,6,ICGx5p33DC_ASAP7_75t_R,RVT,33.194,3.1276,0.161,0.0391,0.1,,,,,,,,,,,,,,,,,,
ICG,7,ICGx4DC_ASAP7_75t_L,LVT,31.029,6.8038,0.1358,0.1055,0.1206,,,,,,,,,,,,,,,,,,
ICG,8,ICGx5_ASAP7_75t_L,LVT,35.026,4.3979,0.1823,0.062,0.1221,,,,,,,,,,,,,,,,,,
ICG,9,ICGx4_ASAP7_75t_L,LVT,36.677,3.9142,0.2015,0.0533,0.1274,,,,,,,,,,,,,,,,,,
ICG,10,ICGx4DC_ASAP7_75t_R,RVT,38.63,2.8453,0.2242,0.034,0.1291,,,,,,,,,,,,,,,,,,
ICG,11,ICGx5_ASAP7_75t_R,RVT,43.154,2.0214,0.2768,0.0191,0.1479,,,,,,,,,,,,,,,,,,
ICG,12,ICGx3_ASAP7_75t_L,LVT,40.971,3.4306,0.2514,0.0445,0.148,,,,,,,,,,,,,,,,,,
ICG,13,ICGx4_ASAP7_75t_R,RVT,45.184,1.7619,0.3004,0.0144,0.1574,,,,,,,,,,,,,,,,,,
ICG,14,ICGx2p67DC_ASAP7_75t_L,LVT,39.851,6.2073,0.2384,0.0947,0.1665,,,,,,,,,,,,,,,,,,
ICG,15,ICGx3_ASAP7_75t_R,RVT,50.451,1.5081,0.3616,0.0098,0.1857,,,,,,,,,,,,,,,,,,
ICG,16,ICGx2p67DC_ASAP7_75t_R,RVT,49.294,2.5438,0.3481,0.0285,0.1883,,,,,,,,,,,,,,,,,,
ICG,17,ICGx2_ASAP7_75t_L,LVT,51.187,2.9375,0.3701,0.0356,0.2029,,,,,,,,,,,,,,,,,,
ICG,18,ICGx2_ASAP7_75t_R,RVT,62.83,1.2405,0.5055,0.005,0.2552,,,,,,,,,,,,,,,,,,
ICG,19,ICGx3_ASAP7_75t_SL,SLVT,35.009,22.4386,0.1821,0.3879,0.285,,,,,,,,,,,,,,,,,,
ICG,20,ICGx4_ASAP7_75t_SL,SLVT,31.219,25.2408,0.138,0.4386,0.2883,,,,,,,,,,,,,,,,,,
ICG,21,ICGx5_ASAP7_75t_SL,SLVT,29.782,28.0635,0.1213,0.4896,0.3054,,,,,,,,,,,,,,,,,,
ICG,22,ICGx2_ASAP7_75t_SL,SLVT,44.065,19.6435,0.2873,0.3374,0.3124,,,,,,,,,,,,,,,,,,
ICG,23,ICGx1_ASAP7_75t_L,LVT,86.484,2.4353,0.7805,0.0266,0.4035,,,,,,,,,,,,,,,,,,
ICG,24,ICGx4DC_ASAP7_75t_SL,SLVT,26.399,45.3405,0.082,0.8017,0.4418,,,,,,,,,,,,,,,,,,
ICG,25,ICGx5p33DC_ASAP7_75t_SL,SLVT,22.456,48.9908,0.0361,0.8676,0.4519,,,,,,,,,,,,,,,,,,
ICG,26,ICGx2p67DC_ASAP7_75t_SL,SLVT,34.213,41.679,0.1728,0.7355,0.4542,,,,,,,,,,,,,,,,,,
ICG,27,ICGx1_ASAP7_75t_SL,SLVT,75.215,16.8385,0.6495,0.2868,0.4681,,,,,,,,,,,,,,,,,,
ICG,28,ICGx6p67DC_ASAP7_75t_SL,SLVT,20.462,52.6329,0.013,0.9334,0.4732,,,,,,,,,,,,,,,,,,
ICG,29,ICGx8DC_ASAP7_75t_SL,SLVT,19.347,56.3169,0,1,0.5,,,,,,,,,,,,,,,,,,
ICG,30,ICGx1_ASAP7_75t_R,RVT,105.368,0.9657,1,0,0.5,,,,,,,,,,,,,,,,,,
SDFH,1,SDFHx4_ASAP7_75t_L,LVT,62.294,5.4845,0.1026,0.1301,0.1163,,,,,,,,,,,,,,,,,,
SDFH,2,SDFHx4_ASAP7_75t_R,RVT,77.986,2.5862,0.2655,0.0407,0.1531,,,,,,,,,,,,,,,,,,
SDFH,3,SDFHx3_ASAP7_75t_L,LVT,86.794,3.5194,0.357,0.0695,0.2132,,,,,,,,,,,,,,,,,,
SDFH,4,SDFHx2_ASAP7_75t_L,LVT,90.593,2.9464,0.3965,0.0518,0.2241,,,,,,,,,,,,,,,,,,
SDFH,5,SDFHx2_ASAP7_75t_R,RVT,113.308,1.4668,0.6323,0.0061,0.3192,,,,,,,,,,,,,,,,,,
SDFH,6,SDFHx3_ASAP7_75t_R,RVT,113.088,1.7178,0.6301,0.0139,0.322,,,,,,,,,,,,,,,,,,
SDFH,7,SDFHx1_ASAP7_75t_L,LVT,120.768,2.4854,0.7098,0.0375,0.3737,,,,,,,,,,,,,,,,,,
SDFH,8,SDFHx2_ASAP7_75t_SL,SLVT,76.676,17.4088,0.2519,0.4981,0.375,,,,,,,,,,,,,,,,,,
SDFH,9,SDFHx3_ASAP7_75t_SL,SLVT,72.226,20.5342,0.2057,0.5945,0.4001,,,,,,,,,,,,,,,,,,
SDFH,10,SDFHx1_ASAP7_75t_SL,SLVT,103.394,14.5249,0.5294,0.4091,0.4692,,,,,,,,,,,,,,,,,,
SDFH,11,SDFHx4_ASAP7_75t_SL,SLVT,52.415,33.675,0,1,0.5,,,,,,,,,,,,,,,,,,
SDFH,12,SDFHx1_ASAP7_75t_R,RVT,148.712,1.2688,1,0,0.5,,,,,,,,,,,,,,,,,,
SDFL,1,SDFLx4_ASAP7_75t_L,LVT,62.78,5.5324,0.1096,0.131,0.1203,,,,,,,,,,,,,,,,,,
SDFL,2,SDFLx4_ASAP7_75t_R,RVT,80.306,2.6257,0.292,0.0415,0.1668,,,,,,,,,,,,,,,,,,
SDFL,3,SDFLx3_ASAP7_75t_L,LVT,89.972,3.7009,0.3927,0.0746,0.2336,,,,,,,,,,,,,,,,,,
SDFL,4,SDFLx2_ASAP7_75t_L,LVT,92.623,3.1397,0.4203,0.0573,0.2388,,,,,,,,,,,,,,,,,,
SDFL,5,SDFLx3_ASAP7_75t_R,RVT,116.875,1.7444,0.6727,0.0144,0.3435,,,,,,,,,,,,,,,,,,
SDFL,6,SDFLx2_ASAP7_75t_R,RVT,118.183,1.4937,0.6863,0.0066,0.3465,,,,,,,,,,,,,,,,,,
SDFL,7,SDFLx1_ASAP7_75t_L,LVT,120.793,2.6554,0.7135,0.0424,0.378,,,,,,,,,,,,,,,,,,
SDFL,8,SDFLx2_ASAP7_75t_SL,SLVT,78.32,19.1619,0.2714,0.5509,0.4111,,,,,,,,,,,,,,,,,,
SDFL,9,SDFLx3_ASAP7_75t_SL,SLVT,74.305,22.2827,0.2296,0.647,0.4383,,,,,,,,,,,,,,,,,,
SDFL,10,SDFLx1_ASAP7_75t_SL,SLVT,103.521,16.2459,0.5337,0.461,0.4974,,,,,,,,,,,,,,,,,,
SDFL,11,SDFLx4_ASAP7_75t_SL,SLVT,52.249,33.7436,0,1,0.5,,,,,,,,,,,,,,,,,,
SDFL,12,SDFLx1_ASAP7_75t_R,RVT,148.317,1.2781,1,0,0.5,,,,,,,,,,,,,,,,,,
AND2,1,AND2x4_ASAP7_75t_L,LVT,35.53,3.6641,0.161,0.11,0.1355,,,,,,,,,,,,,,,,,,
AND2,2,AND2x6_ASAP7_75t_L,LVT,33.965,5.0221,0.1203,0.1707,0.1455,,,,,,,,,,,,,,,,,,
AND2,3,AND2x6_ASAP7_75t_R,RVT,41.22,3.1256,0.3091,0.086,0.1975,,,,,,,,,,,,,,,,,,
AND2,4,AND2x4_ASAP7_75t_R,RVT,44.139,2.2409,0.3851,0.0464,0.2158,,,,,,,,,,,,,,,,,,
AND2,5,AND2x2_ASAP7_75t_L,LVT,54.873,1.9019,0.6645,0.0313,0.3479,,,,,,,,,,,,,,,,,,
AND2,6,AND2x4_ASAP7_75t_SL,SLVT,30.861,17.3816,0.0395,0.723,0.3813,,,,,,,,,,,,,,,,,,
AND2,7,AND2x2_ASAP7_75t_SL,SLVT,46.881,8.7468,0.4565,0.3371,0.3968,,,,,,,,,,,,,,,,,,
AND2,8,AND2x6_ASAP7_75t_SL,SLVT,29.343,23.5805,0,1,0.5,,,,,,,,,,,,,,,,,,
AND2,9,AND2x2_ASAP7_75t_R,RVT,67.766,1.2018,1,0,0.5,,,,,,,,,,,,,,,,,,
AND3,1,AND3x4_ASAP7_75t_L,LVT,43.095,5.0386,0.0803,0.2211,0.1507,,,,,,,,,,,,,,,,,,
AND3,2,AND3x4_ASAP7_75t_R,RVT,53.273,3.6792,0.208,0.1399,0.174,,,,,,,,,,,,,,,,,,
AND3,3,AND3x2_ASAP7_75t_L,LVT,63.426,2.6985,0.3354,0.0813,0.2084,,,,,,,,,,,,,,,,,,
AND3,4,AND3x2_ASAP7_75t_R,RVT,77.883,1.975,0.5168,0.0381,0.2775,,,,,,,,,,,,,,,,,,
AND3,5,AND3x2_ASAP7_75t_SL,SLVT,54.769,9.6016,0.2268,0.4938,0.3603,,,,,,,,,,,,,,,,,,
AND3,6,AND3x1_ASAP7_75t_L,LVT,95.654,1.828,0.7398,0.0293,0.3846,,,,,,,,,,,,,,,,,,
AND3,7,AND3x1_ASAP7_75t_SL,SLVT,83.137,6.3867,0.5827,0.3017,0.4422,,,,,,,,,,,,,,,,,,
AND3,8,AND3x4_ASAP7_75t_SL,SLVT,36.696,18.075,0,1,0.5,,,,,,,,,,,,,,,,,,
AND3,9,AND3x1_ASAP7_75t_R,RVT,116.391,1.3374,1,0,0.5,,,,,,,,,,,,,,,,,,
AND4,1,AND4x2_ASAP7_75t_L,LVT,69.349,3.4048,0.1546,0.1905,0.1726,,,,,,,,,,,,,,,,,,
AND4,2,AND4x2_ASAP7_75t_R,RVT,85.514,2.6898,0.413,0.1019,0.2575,,,,,,,,,,,,,,,,,,
AND4,3,AND4x1_ASAP7_75t_L,LVT,100.202,2.324,0.6478,0.0565,0.3522,,,,,,,,,,,,,,,,,,
AND4,4,AND4x2_ASAP7_75t_SL,SLVT,59.679,9.9341,0,1,0.5,,,,,,,,,,,,,,,,,,
AND4,5,AND4x1_ASAP7_75t_R,RVT,122.23,1.8679,1,0,0.5,,,,,,,,,,,,,,,,,,
AND4,6,AND4x1_ASAP7_75t_SL,SLVT,87.092,6.4599,0.4383,0.5693,0.5038,,,,,,,,,,,,,,,,,,
AND5,1,AND5x2_ASAP7_75t_L,LVT,65.808,5.6082,0.1333,0.2963,0.2148,,,,,,,,,,,,,,,,,,
AND5,2,AND5x2_ASAP7_75t_R,RVT,81.312,4.7198,0.3504,0.213,0.2817,,,,,,,,,,,,,,,,,,
AND5,3,AND5x1_ASAP7_75t_L,LVT,104.385,2.9154,0.6734,0.044,0.3587,,,,,,,,,,,,,,,,,,
AND5,4,AND5x1_ASAP7_75t_SL,SLVT,90.223,6.9975,0.4752,0.4265,0.4508,,,,,,,,,,,,,,,,,,
AND5,5,AND5x2_ASAP7_75t_SL,SLVT,56.285,13.1179,0,1,0.5,,,,,,,,,,,,,,,,,,
AND5,6,AND5x1_ASAP7_75t_R,RVT,127.709,2.4463,1,0,0.5,,,,,,,,,,,,,,,,,,
MAJ,1,MAJx3_ASAP7_75t_L,LVT,51.158,6.7975,0.2553,0.1895,0.2224,,,,,,,,,,,,,,,,,,
MAJ,2,MAJx2_ASAP7_75t_L,LVT,58.958,5.0676,0.5355,0.0694,0.3024,,,,,,,,,,,,,,,,,,
MAJ,3,MAJx3_ASAP7_75t_R,RVT,62.778,5.4826,0.6727,0.0982,0.3854,,,,,,,,,,,,,,,,,,
MAJ,4,MAJx2_ASAP7_75t_SL,SLVT,50.855,14.1941,0.2445,0.7034,0.4739,,,,,,,,,,,,,,,,,,
MAJ,5,MAJx3_ASAP7_75t_SL,SLVT,44.049,18.4644,0,1,0.5,,,,,,,,,,,,,,,,,,
MAJ,6,MAJx2_ASAP7_75t_R,RVT,71.891,4.0691,1,0,0.5,,,,,,,,,,,,,,,,,,
NAND2,1,NAND2x2_ASAP7_75t_R,RVT,58.993,0.9996,0.066,0.0875,0.0767,,,,,,,,,,,,,,,,,,
NAND2,2,NAND2x1p5_ASAP7_75t_R,RVT,67.27,0.7361,0.1003,0.0597,0.08,,,,,,,,,,,,,,,,,,
NAND2,3,NAND2x1p5_ASAP7_75t_L,LVT,56.026,1.3549,0.0537,0.1251,0.0894,,,,,,,,,,,,,,,,,,
NAND2,4,NAND2x2_ASAP7_75t_L,LVT,49.139,1.8001,0.0251,0.1721,0.0986,,,,,,,,,,,,,,,,,,
NAND2,5,NAND2x1_ASAP7_75t_L,LVT,86.934,0.9074,0.1818,0.0778,0.1298,,,,,,,,,,,,,,,,,,
NAND2,6,NAND2x1_ASAP7_75t_R,RVT,104.254,0.5096,0.2535,0.0357,0.1446,,,,,,,,,,,,,,,,,,
NAND2,7,NAND2xp5_ASAP7_75t_L,LVT,122.783,0.4718,0.3303,0.0317,0.181,,,,,,,,,,,,,,,,,,
NAND2,8,NAND2xp67_ASAP7_75t_L,LVT,125.038,0.6283,0.3396,0.0483,0.194,,,,,,,,,,,,,,,,,,
NAND2,9,NAND2xp5_ASAP7_75t_R,RVT,147.577,0.2575,0.433,0.0091,0.2211,,,,,,,,,,,,,,,,,,
NAND2,10,NAND2xp67_ASAP7_75t_R,RVT,150.31,0.3668,0.4444,0.0206,0.2325,,,,,,,,,,,,,,,,,,
NAND2,11,NAND2xp5_ASAP7_75t_SL,SLVT,107.536,2.6104,0.2671,0.2577,0.2624,,,,,,,,,,,,,,,,,,
NAND2,12,NAND2xp67_ASAP7_75t_SL,SLVT,109.618,3.2325,0.2757,0.3235,0.2996,,,,,,,,,,,,,,,,,,
NAND2,13,NAND2x1_ASAP7_75t_SL,SLVT,76.09,4.8077,0.1368,0.49,0.3134,,,,,,,,,,,,,,,,,,
NAND2,14,NAND2x1p5_ASAP7_75t_SL,SLVT,49.042,7.3893,0.0247,0.7628,0.3938,,,,,,,,,,,,,,,,,,
NAND2,15,NAND2xp33_ASAP7_75t_L,LVT,236.657,0.3042,0.8021,0.014,0.4081,,,,,,,,,,,,,,,,,,
NAND2,16,NAND2xp33_ASAP7_75t_SL,SLVT,207.712,1.6005,0.6822,0.151,0.4166,,,,,,,,,,,,,,,,,,
NAND2,17,NAND2x2_ASAP7_75t_SL,SLVT,43.071,9.6339,0,1,0.5,,,,,,,,,,,,,,,,,,
NAND2,18,NAND2xp33_ASAP7_75t_R,RVT,284.41,0.1716,1,0,0.5,,,,,,,,,,,,,,,,,,
NAND3,1,NAND3x2_ASAP7_75t_R,RVT,59.476,2.3826,0.1022,0.1543,0.1282,,,,,,,,,,,,,,,,,,
NAND3,2,NAND3x2_ASAP7_75t_L,LVT,49.846,3.3936,0.04,0.2367,0.1383,,,,,,,,,,,,,,,,,,
NAND3,3,NAND3x1_ASAP7_75t_L,LVT,86.874,1.6862,0.2793,0.0975,0.1884,,,,,,,,,,,,,,,,,,
NAND3,4,NAND3x1_ASAP7_75t_R,RVT,104.261,1.1765,0.3916,0.0559,0.2238,,,,,,,,,,,,,,,,,,
NAND3,5,NAND3x1_ASAP7_75t_SL,SLVT,76.158,6.3366,0.21,0.4766,0.3433,,,,,,,,,,,,,,,,,,
NAND3,6,NAND3xp33_ASAP7_75t_L,LVT,157.808,0.6847,0.7376,0.0159,0.3767,,,,,,,,,,,,,,,,,,
NAND3,7,NAND3xp33_ASAP7_75t_SL,SLVT,135.093,2.5265,0.5909,0.166,0.3784,,,,,,,,,,,,,,,,,,
NAND3,8,NAND3x2_ASAP7_75t_SL,SLVT,43.66,12.7582,0,1,0.5,,,,,,,,,,,,,,,,,,
NAND3,9,NAND3xp33_ASAP7_75t_R,RVT,198.408,0.4901,1,0,0.5,,,,,,,,,,,,,,,,,,
NAND4,1,NAND4xp75_ASAP7_75t_L,LVT,75.973,2.8205,0.058,0.3104,0.1842,,,,,,,,,,,,,,,,,,
NAND4,2,NAND4xp75_ASAP7_75t_R,RVT,96.067,2.2789,0.1622,0.2266,0.1944,,,,,,,,,,,,,,,,,,
NAND4,3,NAND4xp25_ASAP7_75t_L,LVT,202.867,0.9872,0.716,0.0269,0.3715,,,,,,,,,,,,,,,,,,
NAND4,4,NAND4xp25_ASAP7_75t_SL,SLVT,172.439,2.4691,0.5583,0.2561,0.4072,,,,,,,,,,,,,,,,,,
NAND4,5,NAND4xp75_ASAP7_75t_SL,SLVT,64.782,7.2793,0,1,0.5,,,,,,,,,,,,,,,,,,
NAND4,6,NAND4xp25_ASAP7_75t_R,RVT,257.626,0.8135,1,0,0.5,,,,,,,,,,,,,,,,,,
NOR2,1,NOR2x2_ASAP7_75t_R,RVT,56.168,0.9977,0.079,0.0898,0.0844,,,,,,,,,,,,,,,,,,
NOR2,2,NOR2x2_ASAP7_75t_L,LVT,44.723,1.7682,0.0313,0.1736,0.1024,,,,,,,,,,,,,,,,,,
NOR2,3,NOR2x1p5_ASAP7_75t_R,RVT,71.691,0.7407,0.1437,0.0619,0.1028,,,,,,,,,,,,,,,,,,
NOR2,4,NOR2x1p5_ASAP7_75t_L,LVT,57.09,1.3343,0.0828,0.1264,0.1046,,,,,,,,,,,,,,,,,,
NOR2,5,NOR2x1_ASAP7_75t_L,LVT,80.348,0.8934,0.1797,0.0785,0.1291,,,,,,,,,,,,,,,,,,
NOR2,6,NOR2x1_ASAP7_75t_R,RVT,100.93,0.5111,0.2655,0.0369,0.1512,,,,,,,,,,,,,,,,,,
NOR2,7,NOR2xp67_ASAP7_75t_L,LVT,116.224,0.6207,0.3292,0.0488,0.189,,,,,,,,,,,,,,,,,,
NOR2,8,NOR2xp67_ASAP7_75t_R,RVT,145.967,0.3687,0.4531,0.0214,0.2373,,,,,,,,,,,,,,,,,,
NOR2,9,NOR2xp67_ASAP7_75t_SL,SLVT,97.434,3.1431,0.2509,0.323,0.287,,,,,,,,,,,,,,,,,,
NOR2,10,NOR2x1_ASAP7_75t_SL,SLVT,67.182,4.6755,0.1249,0.4896,0.3072,,,,,,,,,,,,,,,,,,
NOR2,11,NOR2xp33_ASAP7_75t_SL,SLVT,185.71,1.5565,0.6187,0.1506,0.3846,,,,,,,,,,,,,,,,,,
NOR2,12,NOR2xp33_ASAP7_75t_L,LVT,220.911,0.299,0.7654,0.0139,0.3896,,,,,,,,,,,,,,,,,,
NOR2,13,NOR2x1p5_ASAP7_75t_SL,SLVT,47.661,7.2253,0.0436,0.7668,0.4052,,,,,,,,,,,,,,,,,,
NOR2,14,NOR2x2_ASAP7_75t_SL,SLVT,37.206,9.3708,0,1,0.5,,,,,,,,,,,,,,,,,,
NOR2,15,NOR2xp33_ASAP7_75t_R,RVT,277.228,0.1716,1,0,0.5,,,,,,,,,,,,,,,,,,
NOR3,1,NOR3x2_ASAP7_75t_R,RVT,56.993,2.4027,0.0781,0.1645,0.1213,,,,,,,,,,,,,,,,,,
NOR3,2,NOR3x2_ASAP7_75t_L,LVT,45.621,3.347,0.0309,0.2456,0.1382,,,,,,,,,,,,,,,,,,
NOR3,3,NOR3x1_ASAP7_75t_L,LVT,80.673,1.661,0.1764,0.1008,0.1386,,,,,,,,,,,,,,,,,,
NOR3,4,NOR3x1_ASAP7_75t_R,RVT,101.599,1.1939,0.2633,0.0607,0.162,,,,,,,,,,,,,,,,,,
NOR3,5,NOR3x1_ASAP7_75t_SL,SLVT,67.323,6.0338,0.121,0.4763,0.2986,,,,,,,,,,,,,,,,,,
NOR3,6,NOR3xp33_ASAP7_75t_SL,SLVT,183.219,2.4305,0.6023,0.1669,0.3846,,,,,,,,,,,,,,,,,,
NOR3,7,NOR3xp33_ASAP7_75t_L,LVT,220.083,0.6757,0.7554,0.0162,0.3858,,,,,,,,,,,,,,,,,,
NOR3,8,NOR3x2_ASAP7_75t_SL,SLVT,38.189,12.1333,0,1,0.5,,,,,,,,,,,,,,,,,,
NOR3,9,NOR3xp33_ASAP7_75t_R,RVT,278.99,0.4871,1,0,0.5,,,,,,,,,,,,,,,,,,
NOR4,1,NOR4xp75_ASAP7_75t_L,LVT,106.449,2.7928,0.0636,0.3223,0.193,,,,,,,,,,,,,,,,,,
NOR4,2,NOR4xp75_ASAP7_75t_R,RVT,135.174,2.29,0.1655,0.2405,0.203,,,,,,,,,,,,,,,,,,
NOR4,3,NOR4xp25_ASAP7_75t_L,LVT,290.343,0.9769,0.7157,0.0266,0.3711,,,,,,,,,,,,,,,,,,
NOR4,4,NOR4xp25_ASAP7_75t_SL,SLVT,240.367,2.3638,0.5384,0.2525,0.3955,,,,,,,,,,,,,,,,,,
NOR4,5,NOR4xp75_ASAP7_75t_SL,SLVT,88.51,6.9541,0,1,0.5,,,,,,,,,,,,,,,,,,
NOR4,6,NOR4xp25_ASAP7_75t_R,RVT,370.536,0.8133,1,0,0.5,,,,,,,,,,,,,,,,,,
OR2,1,OR2x6_ASAP7_75t_L,LVT,36.058,5.0721,0.1404,0.1722,0.1563,,,,,,,,,,,,,,,,,,
OR2,2,OR2x6_ASAP7_75t_R,RVT,44.666,3.1507,0.3727,0.0862,0.2295,,,,,,,,,,,,,,,,,,
OR2,3,OR2x4_ASAP7_75t_L,LVT,46.278,3.3232,0.4162,0.0939,0.2551,,,,,,,,,,,,,,,,,,
OR2,4,OR2x2_ASAP7_75t_L,LVT,56.04,1.9309,0.6796,0.0316,0.3556,,,,,,,,,,,,,,,,,,
OR2,5,OR2x4_ASAP7_75t_R,RVT,58.252,2.1079,0.7394,0.0395,0.3894,,,,,,,,,,,,,,,,,,
OR2,6,OR2x2_ASAP7_75t_SL,SLVT,48.46,8.7451,0.4751,0.3365,0.4058,,,,,,,,,,,,,,,,,,
OR2,7,OR2x4_ASAP7_75t_SL,SLVT,38.827,14.9542,0.2151,0.6144,0.4148,,,,,,,,,,,,,,,,,,
OR2,8,OR2x6_ASAP7_75t_SL,SLVT,30.854,23.5699,0,1,0.5,,,,,,,,,,,,,,,,,,
OR2,9,OR2x2_ASAP7_75t_R,RVT,67.911,1.2248,1,0,0.5,,,,,,,,,,,,,,,,,,
OR3,1,OR3x2_ASAP7_75t_L,LVT,63.246,2.7321,0.2333,0.0907,0.162,,,,,,,,,,,,,,,,,,
OR3,2,OR3x4_ASAP7_75t_L,LVT,59.325,4.6378,0.1635,0.2156,0.1895,,,,,,,,,,,,,,,,,,
OR3,3,OR3x2_ASAP7_75t_R,RVT,77.958,1.9873,0.4953,0.0418,0.2686,,,,,,,,,,,,,,,,,,
OR3,4,OR3x4_ASAP7_75t_R,RVT,75.171,3.2947,0.4457,0.1275,0.2866,,,,,,,,,,,,,,,,,,
OR3,5,OR3x2_ASAP7_75t_SL,SLVT,54.713,9.5871,0.0813,0.5401,0.3107,,,,,,,,,,,,,,,,,,
OR3,6,OR3x1_ASAP7_75t_L,LVT,87.652,1.8299,0.6679,0.0315,0.3497,,,,,,,,,,,,,,,,,,
OR3,7,OR3x1_ASAP7_75t_SL,SLVT,77.068,6.3089,0.4794,0.3252,0.4023,,,,,,,,,,,,,,,,,,
OR3,8,OR3x4_ASAP7_75t_SL,SLVT,50.146,16.6011,0,1,0.5,,,,,,,,,,,,,,,,,,
OR3,9,OR3x1_ASAP7_75t_R,RVT,106.299,1.3495,1,0,0.5,,,,,,,,,,,,,,,,,,
OR4,1,OR4x2_ASAP7_75t_L,LVT,70.898,3.4446,0.1893,0.1949,0.1921,,,,,,,,,,,,,,,,,,
OR4,2,OR4x2_ASAP7_75t_R,RVT,88.448,2.7002,0.5193,0.1024,0.3108,,,,,,,,,,,,,,,,,,
OR4,3,OR4x1_ASAP7_75t_L,LVT,93.632,2.3344,0.6167,0.0569,0.3368,,,,,,,,,,,,,,,,,,
OR4,4,OR4x1_ASAP7_75t_SL,SLVT,82.128,6.357,0.4005,0.5569,0.4787,,,,,,,,,,,,,,,,,,
OR4,5,OR4x2_ASAP7_75t_SL,SLVT,60.828,9.922,0,1,0.5,,,,,,,,,,,,,,,,,,
OR4,6,OR4x1_ASAP7_75t_R,RVT,114.017,1.8765,1,0,0.5,,,,,,,,,,,,,,,,,,
OR5,1,OR5x2_ASAP7_75t_L,LVT,77.756,4.1652,0.2097,0.2191,0.2144,,,,,,,,,,,,,,,,,,
OR5,2,OR5x1_ASAP7_75t_L,LVT,99.333,2.87,0.5948,0.054,0.3244,,,,,,,,,,,,,,,,,,
OR5,3,OR5x2_ASAP7_75t_R,RVT,98.093,3.4385,0.5727,0.1265,0.3496,,,,,,,,,,,,,,,,,,
OR5,4,OR5x1_ASAP7_75t_SL,SLVT,86.473,6.4053,0.3653,0.5046,0.4349,,,,,,,,,,,,,,,,,,
OR5,5,OR5x2_ASAP7_75t_SL,SLVT,66.008,10.2922,0,1,0.5,,,,,,,,,,,,,,,,,,
OR5,6,OR5x1_ASAP7_75t_R,RVT,122.037,2.446,1,0,0.5,,,,,,,,,,,,,,,,,,
XNOR2,1,XNOR2x2_ASAP7_75t_L,LVT,57.577,4.3619,0.0799,0.2211,0.1505,,,,,,,,,,,,,,,,,,
XNOR2,2,XNOR2x1_ASAP7_75t_L,LVT,69.407,3.1617,0.1938,0.136,0.1649,,,,,,,,,,,,,,,,,,
XNOR2,3,XNOR2x2_ASAP7_75t_R,RVT,70.882,3.1952,0.208,0.1384,0.1732,,,,,,,,,,,,,,,,,,
XNOR2,4,XNOR2x1_ASAP7_75t_R,RVT,86.018,2.0565,0.3538,0.0577,0.2057,,,,,,,,,,,,,,,,,,
XNOR2,5,XNOR2xp5_ASAP7_75t_L,LVT,124.041,1.8983,0.7199,0.0465,0.3832,,,,,,,,,,,,,,,,,,
XNOR2,6,XNOR2x1_ASAP7_75t_SL,SLVT,59.471,13.8314,0.0981,0.8923,0.4952,,,,,,,,,,,,,,,,,,
XNOR2,7,XNOR2x2_ASAP7_75t_SL,SLVT,49.283,15.3505,0,1,0.5,,,,,,,,,,,,,,,,,,
XNOR2,8,XNOR2xp5_ASAP7_75t_R,RVT,153.122,1.2426,1,0,0.5,,,,,,,,,,,,,,,,,,
XNOR2,9,XNOR2xp5_ASAP7_75t_SL,SLVT,107.197,8.1184,0.5577,0.4874,0.5225,,,,,,,,,,,,,,,,,,
XOR2,1,XOR2x2_ASAP7_75t_L,LVT,57.31,4.3663,0.0496,0.22,0.1348,,,,,,,,,,,,,,,,,,
XOR2,2,XOR2x2_ASAP7_75t_R,RVT,70.868,3.1924,0.1403,0.1372,0.1388,,,,,,,,,,,,,,,,,,
XOR2,3,XOR2x1_ASAP7_75t_L,LVT,87.151,3.1523,0.2493,0.1344,0.1918,,,,,,,,,,,,,,,,,,
XOR2,4,XOR2x1_ASAP7_75t_R,RVT,109.55,2.0648,0.3991,0.0577,0.2284,,,,,,,,,,,,,,,,,,
XOR2,5,XOR2xp5_ASAP7_75t_L,LVT,158.893,1.8873,0.7293,0.0452,0.3872,,,,,,,,,,,,,,,,,,
XOR2,6,XOR2x2_ASAP7_75t_SL,SLVT,49.896,15.4261,0,1,0.5,,,,,,,,,,,,,,,,,,
XOR2,7,XOR2xp5_ASAP7_75t_R,RVT,199.354,1.2472,1,0,0.5,,,,,,,,,,,,,,,,,,
XOR2,8,XOR2x1_ASAP7_75t_SL,SLVT,73.115,13.7489,0.1554,0.8817,0.5185,,,,,,,,,,,,,,,,,,
XOR2,9,XOR2xp5_ASAP7_75t_SL,SLVT,133.866,8.0488,0.5618,0.4797,0.5208,,,,,,,,,,,,,,,,,,
BUF,10,BUFx6f_ASAP7_75t_SL,SLVT,23.9763,20422.75,,,,,,,,,,,,,,,,,,,,,